{
    "parent": "minecraft:recipes/root",
    "criteria": {
        "has_block": {
            "trigger": "minecraft:inventory_changed",
            "conditions": {
                "items": [
                    {
                        "tag": "concrete_dyeing:concrete"
                    }
                ]
            }
        },
        "has_dye": {
            "trigger": "minecraft:inventory_changed",
            "conditions": {
                "items": [
                    {
                        "tag": "concrete_dyeing:dyes"
                    }
                ]
            }
        }
    },
    "requirements": [
        [
            "has_block"
        ],
        [
            "has_dye"
        ]
    ],
    "rewards": {
        "recipes": [
            "concrete_dyeing:white_concrete",
            "concrete_dyeing:orange_concrete",
            "concrete_dyeing:magenta_concrete",
            "concrete_dyeing:light_blue_concrete",
            "concrete_dyeing:yellow_concrete",
            "concrete_dyeing:lime_concrete",
            "concrete_dyeing:pink_concrete",
            "concrete_dyeing:gray_concrete",
            "concrete_dyeing:light_gray_concrete",
            "concrete_dyeing:cyan_concrete",
            "concrete_dyeing:purple_concrete",
            "concrete_dyeing:blue_concrete",
            "concrete_dyeing:brown_concrete",
            "concrete_dyeing:green_concrete",
            "concrete_dyeing:red_concrete",
            "concrete_dyeing:black_concrete"
        ]
    }
}